"id";"about";"email";"user_name";"password"
5;"I am tester";"mahesh@gmail.com";"Mahesh kumar";"mahesh_1"
6;"I am Programmer";"akhil@gmail.com";"Akhil";"akhil_123"
7;"I am Programmer";"mohan@gmail.com";"mohan";"$2a$10$dR2bkxm7BbSiIufPZyplmOZNpWyncGGLnVTBqjKysUXES4Nd69f56"
8;"I am UI Designer";"nikita@gmail.com";"nikita";"$2a$10$dR2bkxm7BbSiIufPZyplmOZNpWyncGGLnVTBqjKysUXES4Nd69f56"
9;"I am Web Developer";"manish@gmail.com";"Manish";"mnsh@9876"
10;"I am Web Developer";"madhav.in";"";""
11;"I am Web Developer";"manish@gmail.com";"";""
12;"I am Web Developer";"manish@gmail.com";"";""
13;"I am Web Developer";"manish@gmail.com";"";""
14;"I am Web Developer";"manish@gmail.com";"";""
17;"";"manish@gmai";"";""
18;"";"manish@gmai";"";""
19;"";"manish@gmai";"";""
20;"";"manish@gmai";"";""
21;"ksdlkm";"manish@gmai";"sddd";"asak"
22;"ksdlkm";"manish@mai";"sddd";"asak"
23;"I am not Coder";"Hari@gmail.com";"Hari";"hari@3456"
24;"i am new developer";"krishna@yahoo.com";"Krishna";"$2a$10$FTttTM4RARbvP2YQ9lu6JOWDvJQbltcjH2/xOB.CiHuw6xfD/I8K6"
25;"i am new developer";"krishna@yahoo.com";"Krishna";"$2a$10$7dYjuIyw.q3iaNOxy8EhjuHMPcstyR02GAJ.sJ2s5b67kJnbptcMq"
